{"cameraMode":{"drawMode":0,"name":"Shaded","section":"Shading Mode"},"sceneLighting":false,"audioPlay":false,"sceneViewState":{"m_AlwaysRefresh":false,"showFog":true,"showSkybox":false,"showFlares":true,"showImageEffects":true,"showParticleSystems":true,"showVisualEffectGraphs":true,"m_FxEnabled":true},"in2DMode":false,"pivot":{"x":-3.3997607231140138,"y":1.4587149620056153,"z":-25.699861526489259},"rotation":{"x":0.33175182342529299,"y":-0.48623257875442507,"z":0.20637847483158112,"w":0.7816187739372253},"size":1.3975428342819214,"orthographic":true}