{"cameraMode":{"drawMode":0,"name":"Shaded","section":"Shading Mode"},"sceneLighting":true,"audioPlay":false,"sceneViewState":{"m_AlwaysRefresh":false,"showFog":true,"showSkybox":true,"showFlares":true,"showImageEffects":true,"showParticleSystems":true,"showVisualEffectGraphs":true,"m_FxEnabled":true},"in2DMode":false,"pivot":{"x":1.2772746086120606,"y":-1.4791288375854493,"z":-7.336091041564941},"rotation":{"x":-0.4209579527378082,"y":0.053553443402051929,"z":-0.024908622726798059,"w":-0.9051609039306641},"size":8.331727981567383,"orthographic":false}