{"cameraMode":{"drawMode":0,"name":"Shaded","section":"Shading Mode"},"sceneLighting":true,"audioPlay":false,"sceneViewState":{"m_AlwaysRefresh":false,"showFog":true,"showSkybox":true,"showFlares":true,"showImageEffects":true,"showParticleSystems":true,"showVisualEffectGraphs":true,"m_FxEnabled":true},"in2DMode":false,"pivot":{"x":-5.187783718109131,"y":1.5550559759140015,"z":-16.05496597290039},"rotation":{"x":-0.0005283181089907885,"y":0.9938172101974487,"z":-0.11108154058456421,"w":-0.004485631361603737},"size":0.8660253882408142,"orthographic":false}